{
    "linear_regression": {
        "train": {
            "RMSE": 1.235051884480546,
            "MAE": 0.9902700382092458,
            "R2": 0.6926546079755579,
            "MAPE": 4.283380272064446,
            "Mean_Error": -8.825080989707571e-16,
            "Std_Error": 1.235051884480546
        },
        "test": {
            "RMSE": 1.1532710813344,
            "MAE": 0.901032071917207,
            "R2": 0.6709772964112772,
            "MAPE": 3.8692768609058708,
            "Mean_Error": -0.020208898788812574,
            "Std_Error": 1.153094006337714
        }
    },
    "ridge_regression": {
        "train": {
            "RMSE": 1.235069599576986,
            "MAE": 0.9902629673999314,
            "R2": 0.6926457910304943,
            "MAPE": 4.283312224549641,
            "Mean_Error": -8.206500546503769e-16,
            "Std_Error": 1.2350695995769863
        },
        "test": {
            "RMSE": 1.1535535782863189,
            "MAE": 0.9013449133973916,
            "R2": 0.6708160866206134,
            "MAPE": 3.87070034993891,
            "Mean_Error": -0.02035109150235201,
            "Std_Error": 1.1533740464618722
        }
    },
    "lasso_regression": {
        "train": {
            "RMSE": 1.7651968769781177,
            "MAE": 1.4166640077823862,
            "R2": 0.37216922274617226,
            "MAPE": 6.145774904411297,
            "Mean_Error": -4.948643545630413e-16,
            "Std_Error": 1.765196876978118
        },
        "test": {
            "RMSE": 1.6189781173865223,
            "MAE": 1.3174824065130353,
            "R2": 0.35159699343058104,
            "MAPE": 5.630302091748749,
            "Mean_Error": -0.028495256554763412,
            "Std_Error": 1.6187273287772361
        }
    },
    "decision_tree": {
        "train": {
            "RMSE": 0.0,
            "MAE": 0.0,
            "R2": 1.0,
            "MAPE": 0.0,
            "Mean_Error": 0.0,
            "Std_Error": 0.0
        },
        "test": {
            "RMSE": 1.9150375780265712,
            "MAE": 1.5416278593564778,
            "R2": 0.09276945615383747,
            "MAPE": 6.659388611536516,
            "Mean_Error": 0.13165547552086304,
            "Std_Error": 1.9105066765178422
        }
    },
    "random_forest": {
        "train": {
            "RMSE": 0.5164021213234545,
            "MAE": 0.40330054547738714,
            "R2": 0.9462680828883314,
            "MAPE": 1.7430037842555937,
            "Mean_Error": 0.0007559061566382636,
            "Std_Error": 0.5164015680778344
        },
        "test": {
            "RMSE": 1.3102324935206404,
            "MAE": 1.0510916275478537,
            "R2": 0.5753219702841756,
            "MAPE": 4.521602051628666,
            "Mean_Error": -0.003350696018578546,
            "Std_Error": 1.3102282090969903
        }
    }
}