{
    "linear_regression": {
        "train": {
            "RMSE": 0.7798605522845292,
            "MAE": 0.6201136921428244,
            "R2": 0.5729816980919928,
            "MAPE": 4.073781596287918,
            "Mean_Error": -1.6557336529755091e-15,
            "Std_Error": 0.7798605522845292
        },
        "test": {
            "RMSE": 0.8087126340342966,
            "MAE": 0.6545828261263947,
            "R2": 0.6240681493095592,
            "MAPE": 4.31824955197848,
            "Mean_Error": -0.016917156767521868,
            "Std_Error": 0.8085356728392342
        }
    },
    "ridge_regression": {
        "train": {
            "RMSE": 0.7798650056774189,
            "MAE": 0.6201197570589486,
            "R2": 0.5729768211029115,
            "MAPE": 4.073917161367202,
            "Mean_Error": -1.65264075075949e-15,
            "Std_Error": 0.7798650056774189
        },
        "test": {
            "RMSE": 0.808832281738078,
            "MAE": 0.6546984836213554,
            "R2": 0.6239569040831755,
            "MAPE": 4.319069736564056,
            "Mean_Error": -0.01684049185508531,
            "Std_Error": 0.8086569469284887
        }
    },
    "lasso_regression": {
        "train": {
            "RMSE": 1.1934210899759243,
            "MAE": 0.953652718866401,
            "R2": 0.0,
            "MAPE": 6.289908287317765,
            "Mean_Error": -1.4144872801260266e-15,
            "Std_Error": 1.1934210899759243
        },
        "test": {
            "RMSE": 1.3216261092286137,
            "MAE": 1.0582899579714673,
            "R2": -0.004009648468341842,
            "MAPE": 7.043752188059176,
            "Mean_Error": 0.08352044816559152,
            "Std_Error": 1.3189844227029301
        }
    },
    "decision_tree": {
        "train": {
            "RMSE": 0.0,
            "MAE": 0.0,
            "R2": 1.0,
            "MAPE": 0.0,
            "Mean_Error": 0.0,
            "Std_Error": 0.0
        },
        "test": {
            "RMSE": 1.1986233905642865,
            "MAE": 0.9513060208617924,
            "R2": 0.17417854083746953,
            "MAPE": 6.2317864515563,
            "Mean_Error": -0.0056039407368859906,
            "Std_Error": 1.1986102904013645
        }
    },
    "random_forest": {
        "train": {
            "RMSE": 0.3200365040538131,
            "MAE": 0.2536375629678133,
            "R2": 0.9280863025399738,
            "MAPE": 1.669712292490139,
            "Mean_Error": 0.006414873158431581,
            "Std_Error": 0.3199722071201616
        },
        "test": {
            "RMSE": 0.9095192100037678,
            "MAE": 0.7356264677787281,
            "R2": 0.5245066807138932,
            "MAPE": 4.87615772071972,
            "Mean_Error": 0.03810104845720931,
            "Std_Error": 0.9087208061183255
        }
    }
}