{
    "linear_regression": {
        "train": {
            "RMSE": 79.38477440971562,
            "MAE": 60.88547481554577,
            "R2": 0.9322849166322281,
            "MAPE": 4.544609192720816,
            "Mean_Error": 8.538059664061007e-14,
            "Std_Error": 79.38477440971562
        },
        "test": {
            "RMSE": 75.93180814136194,
            "MAE": 57.31085963137525,
            "R2": 0.9472731989188927,
            "MAPE": 4.190399012304751,
            "Mean_Error": -1.3179462699404787,
            "Std_Error": 75.92036950151225
        }
    },
    "ridge_regression": {
        "train": {
            "RMSE": 79.39035722170756,
            "MAE": 60.85914178418883,
            "R2": 0.9322753920382412,
            "MAPE": 4.542302516714449,
            "Mean_Error": 7.581321911905793e-14,
            "Std_Error": 79.39035722170756
        },
        "test": {
            "RMSE": 75.92043778465835,
            "MAE": 57.23927602086086,
            "R2": 0.947288988814149,
            "MAPE": 4.186124117179357,
            "Mean_Error": -1.3059171380410903,
            "Std_Error": 75.90920533007015
        }
    },
    "lasso_regression": {
        "train": {
            "RMSE": 80.24255703990413,
            "MAE": 61.18974310676535,
            "R2": 0.9308136360994321,
            "MAPE": 4.5589134969853795,
            "Mean_Error": 3.43105952497042e-14,
            "Std_Error": 80.24255703990413
        },
        "test": {
            "RMSE": 75.84180462094069,
            "MAE": 56.64807750836831,
            "R2": 0.9473981211433748,
            "MAPE": 4.144108693383154,
            "Mean_Error": -2.535576387803247,
            "Std_Error": 75.79940752105226
        }
    },
    "decision_tree": {
        "train": {
            "RMSE": 0.0,
            "MAE": 0.0,
            "R2": 1.0,
            "MAPE": 0.0,
            "Mean_Error": 0.0,
            "Std_Error": 0.0
        },
        "test": {
            "RMSE": 132.416380822022,
            "MAE": 101.95677697107409,
            "R2": 0.839650589562,
            "MAPE": 7.476361132401212,
            "Mean_Error": 13.411003742937309,
            "Std_Error": 131.73550352357438
        }
    },
    "random_forest": {
        "train": {
            "RMSE": 33.865117952585344,
            "MAE": 25.722809446189032,
            "R2": 0.9876770078241998,
            "MAPE": 1.9143000218699684,
            "Mean_Error": -0.3301890710206609,
            "Std_Error": 33.8635082222722
        },
        "test": {
            "RMSE": 91.3233518241844,
            "MAE": 68.55783808758642,
            "R2": 0.9237310748352023,
            "MAPE": 4.990447498254999,
            "Mean_Error": -0.9903330505047567,
            "Std_Error": 91.31798195784246
        }
    }
}