{
    "linear_regression": {
        "train": {
            "RMSE": 1.2954689351826258,
            "MAE": 1.0410301085186568,
            "R2": 0.6346323239895468,
            "MAPE": 4.083942098891547,
            "Mean_Error": -2.5155604690287934e-16,
            "Std_Error": 1.2954689351826256
        },
        "test": {
            "RMSE": 1.3671700265996383,
            "MAE": 1.0940932134369281,
            "R2": 0.5212132953356075,
            "MAPE": 4.275573454238541,
            "Mean_Error": 0.06542164974352366,
            "Std_Error": 1.3656038552147145
        }
    },
    "ridge_regression": {
        "train": {
            "RMSE": 1.2954813340800648,
            "MAE": 1.0410101087569326,
            "R2": 0.6346253301081832,
            "MAPE": 4.083983474565817,
            "Mean_Error": -1.8145026333978182e-16,
            "Std_Error": 1.2954813340800648
        },
        "test": {
            "RMSE": 1.366874298625568,
            "MAE": 1.094047379038551,
            "R2": 0.5214204024341114,
            "MAPE": 4.275668727148219,
            "Mean_Error": 0.06536605520381511,
            "Std_Error": 1.3653104508023917
        }
    },
    "lasso_regression": {
        "train": {
            "RMSE": 1.8142492134593016,
            "MAE": 1.4584415032282552,
            "R2": 0.2834112210930262,
            "MAPE": 5.759364454614694,
            "Mean_Error": -4.721830716455686e-16,
            "Std_Error": 1.8142492134593016
        },
        "test": {
            "RMSE": 1.7199140404130833,
            "MAE": 1.4099132362306683,
            "R2": 0.24227693244674398,
            "MAPE": 5.522789027163962,
            "Mean_Error": -0.0027401903630171085,
            "Std_Error": 1.719911857557483
        }
    },
    "decision_tree": {
        "train": {
            "RMSE": 0.0,
            "MAE": 0.0,
            "R2": 1.0,
            "MAPE": 0.0,
            "Mean_Error": 0.0,
            "Std_Error": 0.0
        },
        "test": {
            "RMSE": 2.0989760278046625,
            "MAE": 1.6625971307325382,
            "R2": -0.12852707332890967,
            "MAPE": 6.512790370924694,
            "Mean_Error": 0.14150614250108337,
            "Std_Error": 2.0942006534554185
        }
    },
    "random_forest": {
        "train": {
            "RMSE": 0.5467599550046072,
            "MAE": 0.4326070695122368,
            "R2": 0.9349167076278885,
            "MAPE": 1.700837456135669,
            "Mean_Error": 0.004548524601296958,
            "Std_Error": 0.5467410349704799
        },
        "test": {
            "RMSE": 1.4416879304386008,
            "MAE": 1.1351995771243601,
            "R2": 0.4675981567887476,
            "MAPE": 4.439337640551659,
            "Mean_Error": -0.04359368616799317,
            "Std_Error": 1.4410286878818974
        }
    }
}